h2,SE,Pheno,PCs,Covariates,Time for analysis(s),Memory Usage
0.7679942333681006,0.028468577242891313,liver_purity,5,inter_miss+inter,1.2753312499989988,812.452
0.773462655414687,0.02856943447518459,liver_purity,10,inter_miss+inter,0.7062923430021328,816.172
NA,0.028468577242891313,level_of_dissent,5,inter_miss+inter,0.5786412159977772,816.172
NA,0.02856943447518459,level_of_dissent,10,inter_miss+inter,0.5811034210018988,816.172
