h2,SE,Pheno,PCs,Covariates,Time for analysis(s),Memory Usage
0.7679942333681006,0.028468577242891313,head_size,5,inter_miss+inter,0.5759786849957891,826.268
0.773462655414687,0.02856943447518459,head_size,10,inter_miss+inter,0.7087393080000766,831.424
0.7679942333681006,0.028468577242891313,liver_purity,5,inter_miss+inter,0.6209114280063659,831.564
0.773462655414687,0.02856943447518459,liver_purity,10,inter_miss+inter,0.5806857010029489,831.564
NA,0.028468577242891313,level_of_dissent,5,inter_miss+inter,0.7302106729985098,831.564
NA,0.02856943447518459,level_of_dissent,10,inter_miss+inter,0.7818605950014899,831.644
