h2,SE,Pheno,PCs,Covariates,Time for analysis(s),Memory Usage
0.7679942333681006,0.028468577242891313,head_size,5,inter_miss+inter,1.2863286279971362,820.484
0.773462655414687,0.02856943447518459,head_size,10,inter_miss+inter,0.5702416480053216,825.612
0.7679942333681006,0.028468577242891313,liver_size,5,inter_miss+inter,0.43160019499919144,825.696
0.773462655414687,0.02856943447518459,liver_size,10,inter_miss+inter,0.44273123900347855,825.696
NA,0.028468577242891313,o2_level,5,inter_miss+inter,0.4192290860009962,825.696
NA,0.02856943447518459,o2_level,10,inter_miss+inter,0.4558814439951675,825.724
