h2,SE,Pheno,PCs,Covariates,Time for analysis(s),Memory Usage
0.7679942333681006,0.028468577242891313,head_size,5,inter_miss+inter,0.46249059299589135,824.8
0.773462655414687,0.02856943447518459,head_size,10,inter_miss+inter,0.3948368320125155,829.64
0.7679942333681006,0.028468577242891313,liver_size,5,inter_miss+inter,0.388139393995516,829.724
0.773462655414687,0.02856943447518459,liver_size,10,inter_miss+inter,0.39334017800865695,829.732
NA,0.028468577242891313,o2_level,5,inter_miss+inter,0.380946627992671,829.748
NA,0.02856943447518459,o2_level,10,inter_miss+inter,0.3804700059990864,829.756
