h2,SE,Pheno,PCs,Covariates,Time for analysis(s),Memory Usage
0.7679942333681006,0.028468577242891313,head_size,5,inter_miss+inter,0.5303665999963414,824.552
0.773462655414687,0.02856943447518459,head_size,10,inter_miss+inter,0.5445702330034692,829.304
0.7679942333681006,0.028468577242891313,liver_purity,5,inter_miss+inter,0.45396604599955026,829.304
0.773462655414687,0.02856943447518459,liver_purity,10,inter_miss+inter,0.45045334300084505,829.452
NA,0.028468577242891313,level_of_dissent,5,inter_miss+inter,0.4300179419951746,829.452
NA,0.02856943447518459,level_of_dissent,10,inter_miss+inter,0.46619404800003394,829.452
