h2,SE,Time for analysis(s),Memory Usage
0.7720055541384837,0.028451492656914653,0.2607554040150717,768560.0
