h2,SE,Time for analysis(s),Memory Usage
0.5626459524355246,0.02444268972288861,0.14470325299771503,771524.0
