h2,SE,Time for analysis(s),Memory Usage
0.7718693400362991,0.028451492656914653,0.25781659298809245,771924.0
