h2,SE,Time for analysis(s),Memory usage
0.7652073185020524,0.028149770635151915,1.1434639040380716,543644
