h2,SE,Time for analysis(s),Memory usage
0.7756032685601107,0.028558184288985586,0.5230478509984096,563716
