h2,SE,Time for analysis(s),Memory Usage
0.7738770289777333,0.02857273653650729,0.2711012950021541,772060.0
