h2,SE,Time for analysis(s),Memory usage
0.765078766107389,0.028149770635151915,0.5040686279999136,561808
