,Est,SD,Var,Knot time,Time for analysis(s),Memory usage
GREML,0.83256733,0.260168303120943,1.0151566,1.1390731499996036,8.091820620000362,1071424
PredLMM,0.7446503,0.06129698453657139,1.0259217,1.1390731499996036,8.093734412999765,1071424
