h2,SE,Time for analysis(s),Memory usage
0.7754140849760732,0.028436594326940443,2.3934411657974124,753312
