,Est,SD,Var,Knot time,Time for analysis(s),Memory usage
GREML,0.89201814,0.2571825841856475,1.0889126,1.5797154291067272,28.409835844067857,1108292
PredLMM,0.8462797,0.05743318927093577,1.0234804,1.5797154291067272,28.412909804144874,1108292
