h2,SE,Time for analysis(s),Memory Usage
0.7720498358921111,0.028443671004362747,0.18737854901701212,766140.0
0.7754510134190102,0.028436594326940443,0.1950641330331564,963880.0
0.7754510134190102,0.028436594326940443,0.1904222760349512,964024.0
