h2,SE,Time for analysis(s),Memory Usage
0.6386255290173476,0.028436594326940443,1.1228070710021711,759516.0
0.7700852051601338,0.028436594326940443,1.4652119610000227,763672.0
0.7708695703733255,0.028436594326940443,1.770745721001731,763776.0
