h2,SE,Time for analysis(s),Memory Usage
0.5626459524355246,0.02444268972288861,0.14046932499331888,753936.0
0.5620005391126176,0.02443740202519032,0.14336070900026243,949152.0
0.5620005391126176,0.02443740202519032,0.13533031500992365,949152.0
