h2,SE,Time for analysis(s),Memory Usage
0.7718693400362991,0.028451492656914653,0.15187725299983867,772872.0
0.7718693400362991,0.028451492656914653,0.14690509399952134,972128.0
NA,0.028451492656914653,0.14572478999980376,972128.0
