h2,SE,Time for analysis(s),Memory usage
0.7754140849760748,0.028436594326940443,2.019523400998878,562396
