,Est,SD,Var,Knot time,Time for analysis(s),Memory usage
GREML,0.9921731,0.2524684067720283,1.0088567,0.6925867600002675,5.64345950400093,1085944
PredLMM,0.79770213,0.05944939785372955,1.023516,0.6925867600002675,5.644589433999499,1085944
