GCTA,nGCTA,nAdjHE,AdjHE,SWD,Combat,AdjHE_RE,sg,ss,se,nsubjects,nsites,theta_alleles,nclusts,prop_causal,nnpc,nSNPs,site_comp,dominance,site_dep,site_het
0.645586,0.687952443,0.7181371491038474,0.6540113170387437,0.6542375339464225,0.6394603254722555,0.6541012285949285,0.5,0.25,0.25,2000,25,0.1,1,0.02,0,20000,EQUAL,3,False,False
0.583203,0.6065103844999999,0.6017118186143928,0.5428870415414339,0.5438667271738866,0.5242301602784464,0.5409012432929666,0.5,0.25,0.25,2000,25,0.1,1,0.02,0,20000,EQUAL,3,False,False
0.6269899999999999,0.5800089769999999,0.5997520405347594,0.6704732878352906,0.6616794219910637,0.6550882756473368,0.6752486343197508,0.5,0.25,0.25,2000,25,0.1,1,0.02,0,20000,EQUAL,3,False,False
0.804462,0.704180238,0.7117242002820887,0.7728603245030947,0.7536471928857801,0.7465542841552365,0.7739965758137343,0.5,0.25,0.25,2000,25,0.1,1,0.02,0,20000,EQUAL,3,False,False
0.706903,0.5239671775,0.5544579850251827,0.6972093754839105,0.687015129993783,0.6848623913425821,0.6953164498280906,0.5,0.25,0.25,2000,25,0.1,1,0.02,0,20000,EQUAL,3,False,False
0.685998,0.48247011000000006,0.486981434219389,0.6583647325860813,0.6445644193694994,0.6347140742999497,0.6589846688359492,0.5,0.25,0.25,2000,25,0.1,1,0.02,0,20000,EQUAL,3,False,False
0.696878,0.47954181099999993,0.4957191332570957,0.757450382613821,0.7261531013850464,0.71623915817056,0.753646310310587,0.5,0.25,0.25,2000,25,0.1,1,0.02,0,20000,EQUAL,3,False,False
0.585137,0.5480976835,0.5293657133562168,0.6035861760827418,0.5868024259827863,0.5848397459102391,0.6073399295580789,0.5,0.25,0.25,2000,25,0.1,1,0.02,0,20000,EQUAL,3,False,False
0.621308,0.451911283,0.4693191246265788,0.6330559912134129,0.6296117306340141,0.6336538983447385,0.6305120507740853,0.5,0.25,0.25,2000,25,0.1,1,0.02,0,20000,EQUAL,3,False,False
