GCTA,nGCTA,nAdjHE,AdjHE,SWD,Combat,AdjHE_RE,sg,ss,se,nsubjects,nsites,theta_alleles,nclusts,prop_causal,nnpc,nSNPs,site_comp,dominance,site_dep,site_het
0.6322439999999999,0.5867278998000001,0.5855553972178029,0.6161098022517625,0.616109802251763,0.614961181076414,0.6158689316219009,0.5,0.25,0.25,5000,2,0.1,1,0.02,0,20000,EQUAL,3,False,False
0.6738930000000001,0.6550562232,0.6627852248190726,0.670111200037401,0.6701112000374015,0.6695377922208609,0.6698705955897878,0.5,0.25,0.25,5000,2,0.1,1,0.02,0,20000,EQUAL,3,False,False
0.616559,0.647549215,0.6332934486031974,0.6099030549282729,0.6099030549282725,0.6099793668844485,0.6096594412005184,0.5,0.25,0.25,5000,2,0.1,1,0.02,0,20000,EQUAL,3,False,False
0.6618029999999999,0.6475926224,0.6588014198869576,0.6420173235857859,0.6420173235857863,0.6420110672716163,0.6417745011184703,0.5,0.25,0.25,5000,2,0.1,1,0.02,0,20000,EQUAL,3,False,False
0.668933,0.661359045,0.6348753556237903,0.6236930517473286,0.6236930517473286,0.623521984763728,0.6234500903369578,0.5,0.25,0.25,5000,2,0.1,1,0.02,0,20000,EQUAL,3,False,False
0.655805,0.621880389,0.6180323200695075,0.6592539234980465,0.6592539234980465,0.6594621504299981,0.6590136535953949,0.5,0.25,0.25,5000,2,0.1,1,0.02,0,20000,EQUAL,3,False,False
0.658985,0.710343776,0.688879166884379,0.6716549439986343,0.6716549439986343,0.6716072772262648,0.6714174395191428,0.5,0.25,0.25,5000,2,0.1,1,0.02,0,20000,EQUAL,3,False,False
0.68282,0.6427383760000001,0.6709324441304714,0.7012704149067016,0.701270414906701,0.7012016439353039,0.7010311176400759,0.5,0.25,0.25,5000,2,0.1,1,0.02,0,20000,EQUAL,3,False,False
0.676293,0.6792689952,0.679661322375883,0.6875880377256702,0.6875880377256708,0.6875905247487571,0.6873489798855402,0.5,0.25,0.25,5000,2,0.1,1,0.02,0,20000,EQUAL,3,False,False
