h2,SE,Pheno,PCs,Covariates,Time for analysis(s),Memory Usage
0.7679942333681006,0.028468577242891313,head_size,5,inter_miss+inter,0.8383951679988968,842.84
0.773462655414687,0.02856943447518459,head_size,10,inter_miss+inter,0.47764340700086905,847.08
2.0251697536146627,0.7911010054925467,first100,5,inter_miss+inter,0.028189876000396907,847.08
1.6197490457673778,0.500614355933013,first100,10,inter_miss+inter,0.030618128999776673,847.08
0.258510429683598,0.11412338547429263,first1000,5,inter_miss+inter,0.047984675999032333,847.08
0.2275581389237784,0.11513521090574322,first1000,10,inter_miss+inter,0.0487006500006828,847.08
0.614721324942408,0.04300583395796032,first3000,5,inter_miss+inter,0.16738577500109386,847.08
0.6090710326816798,0.043012700449387084,first3000,10,inter_miss+inter,0.1834179010002117,847.08
