h2,SE,Pheno,PCs,Covariates,Time for analysis(s),Memory Usage
0.7679942333681006,0.028468577242891313,head_size,5,inter_miss+inter,0.34587074800037954,842.256
0.773462655414687,0.02856943447518459,head_size,10,inter_miss+inter,0.33590673099934065,846.74
2.0251697536146627,0.7911010054925467,first100,5,inter_miss+inter,0.02724996600045415,846.74
1.6197490457673778,0.500614355933013,first100,10,inter_miss+inter,0.028021983000144246,846.74
0.258510429683598,0.11412338547429263,first1000,5,inter_miss+inter,0.05242603399892687,846.74
0.2275581389237784,0.11513521090574322,first1000,10,inter_miss+inter,0.05227076099981787,846.74
0.614721324942408,0.04300583395796032,first3000,5,inter_miss+inter,0.1745392789998732,846.74
0.6090710326816798,0.043012700449387084,first3000,10,inter_miss+inter,0.20839505799995095,846.74
