h2,SE,Pheno,PCs,Covariates,Time for analysis(s),Memory Usage
0.7680197015236727,0.028468577242891313,head_size,5,inter_miss+inter,2.156553831882775,749.656
0.7734720361349667,0.02856943447518459,head_size,10,inter_miss+inter,1.9270317698828876,758.224
2.0251697536146684,0.7911010054925467,first100,5,inter_miss+inter,0.07932864199392498,758.224
1.6197490457673793,0.500614355933013,first100,10,inter_miss+inter,0.04300668998621404,758.224
0.2494702217918632,0.11412338547429263,first1000,5,inter_miss+inter,1.0125667368993163,758.224
0.22244788981827157,0.11513521090574322,first1000,10,inter_miss+inter,0.9908671060111374,758.224
0.6129963204246063,0.04300583395796032,first3000,5,inter_miss+inter,2.23833992308937,758.224
0.6086455121429925,0.043012700449387084,first3000,10,inter_miss+inter,1.0508802959229797,758.224
