h2,SE,Pheno,PCs,Covariates,Time for analysis(s),Memory Usage
0.7679942333681006,0.028468577242891313,head_size,5,inter_miss+inter,0.8551664239930687,908.116
0.773462655414687,0.02856943447518459,head_size,10,inter_miss+inter,0.7097218270064332,908.116
0.7679942333681006,0.028468577242891313,liver_size,5,inter_miss+inter,0.6413616470090346,908.116
0.773462655414687,0.02856943447518459,liver_size,10,inter_miss+inter,0.6595050290052313,908.116
NA,0.028468577242891313,o2_level,5,inter_miss+inter,0.6443928780063288,908.116
NA,0.02856943447518459,o2_level,10,inter_miss+inter,0.6196840689954115,908.116
