h2,SE,Pheno,PCs,Covariates,Time for analysis(s),Memory Usage
0.7679942333681006,0.028468577242891313,head_size,5,inter_miss+inter,1.3676594940043287,850.472
0.773462655414687,0.02856943447518459,head_size,10,inter_miss+inter,1.1622801560006337,854.652
0.7679942333681006,0.028468577242891313,liver_size,5,inter_miss+inter,0.6923502189893043,854.744
0.773462655414687,0.02856943447518459,liver_size,10,inter_miss+inter,0.6359929019963602,854.744
NA,0.028468577242891313,o2_level,5,inter_miss+inter,0.5923176979995333,854.744
NA,0.02856943447518459,o2_level,10,inter_miss+inter,0.7067093220102834,854.808
