h2,SE,Pheno,PCs,Covariates,Time for analysis(s),Memory Usage
0.7679942333680982,0.028468577242891268,head_size,5,inter_miss+inter,3.9836366109999517,805.644
0.7734626554146846,0.02856943447518455,head_size,10,inter_miss+inter,4.290944925000076,806.004
2.025169753614674,0.7911010054925502,first100,5,inter_miss+inter,0.02349141399997734,806.004
1.6197490457673827,0.5006143559330138,first100,10,inter_miss+inter,0.03308369399996991,806.004
0.25851042968359594,0.11412338547429221,first1000,5,inter_miss+inter,0.08397368500004632,806.004
0.22755813892377622,0.11513521090574279,first1000,10,inter_miss+inter,0.10097291499994299,806.004
0.614721324942408,0.04300583395796032,first3000,5,inter_miss+inter,1.1930426609999358,806.004
0.6090710326816798,0.043012700449387084,first3000,10,inter_miss+inter,1.213927644000023,806.004
