h2,SE,Pheno,PCs,Covariates,Time for analysis(s),Memory Usage
0.7679942333681006,0.028468577242891313,head_size,5,inter_miss+inter,0.5341734000003271,791.288
0.773462655414687,0.02856943447518459,head_size,10,inter_miss+inter,0.5371471110001949,806.264
2.0251697536146627,0.7911010054925467,first100,5,inter_miss+inter,0.03161044900025445,806.264
1.6197490457673778,0.500614355933013,first100,10,inter_miss+inter,0.029508624000300188,806.264
0.258510429683598,0.11412338547429263,first1000,5,inter_miss+inter,0.05452419399989594,806.264
0.2275581389237784,0.11513521090574322,first1000,10,inter_miss+inter,0.07190560799972445,806.264
0.614721324942408,0.04300583395796032,first3000,5,inter_miss+inter,0.18903715000033117,806.264
0.6090710326816798,0.043012700449387084,first3000,10,inter_miss+inter,0.20312929399915447,806.264
