h2,SE,Pheno,PCs,Covariates,Time for analysis(s),Memory Usage
0.564742824000074,0.02442332868354013,head_size,0,,5.527490759035572,761.696
0.5672408366002697,0.040535583579030025,first100,0,,1.994615564122796,761.696
0.2801653300921166,0.11099421203949045,first1000,0,,0.9723310950212181,761.696
-2.953600481246053,1.1086633990871073,first3000,0,,0.01736918999813497,761.696
