h2,SE,Pheno,PCs,Covariates,Time for analysis(s),Memory Usage
0.7679942333681006,0.028468577242891313,head_size,5,inter_miss+inter,1.6376713159988867,843.872
0.773462655414687,0.02856943447518459,head_size,10,inter_miss+inter,1.6381972369999858,846.34
2.0251697536146627,0.7911010054925467,first100,5,inter_miss+inter,0.060684921001666225,846.34
1.6197490457673778,0.500614355933013,first100,10,inter_miss+inter,0.05891586600046139,846.34
0.258510429683598,0.11412338547429263,first1000,5,inter_miss+inter,0.12543980400369037,846.34
0.2275581389237784,0.11513521090574322,first1000,10,inter_miss+inter,0.18011470200144686,846.34
0.614721324942408,0.04300583395796032,first3000,5,inter_miss+inter,0.42374225199455395,846.34
0.6090710326816798,0.043012700449387084,first3000,10,inter_miss+inter,0.4272768910013838,846.34
